{"cameraMode":{"drawMode":0,"name":"Shaded","section":"Shading Mode"},"sceneLighting":true,"audioPlay":false,"sceneViewState":{"showFog":true,"showMaterialUpdate":false,"showSkybox":true,"showFlares":true,"showImageEffects":true,"showParticleSystems":true},"in2DMode":false,"pivot":{"x":400.9786682128906,"y":185.6560821533203,"z":-12.73681640625},"rotation":{"x":-0.0014917438384145499,"y":0.021829845383763315,"z":0.00008023189730010927,"w":0.999760627746582},"size":392.74078369140627,"orthographic":false}