{"cameraMode":{"drawMode":0,"name":"Shaded","section":"Shading Mode"},"sceneLighting":true,"audioPlay":false,"sceneViewState":{"showFog":true,"showMaterialUpdate":false,"showSkybox":true,"showFlares":true,"showImageEffects":true,"showParticleSystems":true},"in2DMode":false,"pivot":{"x":-8.19729995727539,"y":3.649832248687744,"z":38.28871154785156},"rotation":{"x":0.23009714484214784,"y":0.73183673620224,"z":-0.29600220918655398,"w":0.5690808892250061},"size":73.16285705566406,"orthographic":false}