{"cameraMode":{"drawMode":0,"name":"Shaded","section":"Shading Mode"},"sceneLighting":true,"audioPlay":false,"sceneViewState":{"showFog":true,"showMaterialUpdate":false,"showSkybox":true,"showFlares":true,"showImageEffects":true,"showParticleSystems":true},"in2DMode":false,"pivot":{"x":-36.49321365356445,"y":8.029885292053223,"z":52.82937240600586},"rotation":{"x":-0.08534160256385803,"y":-0.8631436228752136,"z":0.15570631623268128,"w":-0.47271090745925906},"size":122.54824829101563,"orthographic":false}