{"cameraMode":{"drawMode":0,"name":"Shaded","section":"Shading Mode"},"sceneLighting":true,"audioPlay":false,"sceneViewState":{"showFog":true,"showMaterialUpdate":false,"showSkybox":true,"showFlares":true,"showImageEffects":true,"showParticleSystems":true},"in2DMode":false,"pivot":{"x":6.543916702270508,"y":-0.19640812277793885,"z":-50.7586669921875},"rotation":{"x":0.11714236438274384,"y":0.863967776298523,"z":-0.23576205968856812,"w":0.42924776673316958},"size":8.013648986816407,"orthographic":false}