{"cameraMode":{"drawMode":0,"name":"Shaded","section":"Shading Mode"},"sceneLighting":true,"audioPlay":false,"sceneViewState":{"showFog":true,"showMaterialUpdate":false,"showSkybox":true,"showFlares":true,"showImageEffects":true,"showParticleSystems":true},"in2DMode":false,"pivot":{"x":0.8151440620422363,"y":2.614840507507324,"z":72.74549102783203},"rotation":{"x":0.015116512775421143,"y":0.8851363062858582,"z":-0.4641982614994049,"w":0.028726063668727876},"size":22.299081802368165,"orthographic":false}