{"cameraMode":{"drawMode":0,"name":"Shaded","section":"Shading Mode"},"sceneLighting":true,"audioPlay":false,"sceneViewState":{"showFog":true,"showMaterialUpdate":false,"showSkybox":true,"showFlares":true,"showImageEffects":true,"showParticleSystems":true},"in2DMode":false,"pivot":{"x":2.7799997329711916,"y":2.3487203121185304,"z":70.1474380493164},"rotation":{"x":0.05938749015331268,"y":0.8299739360809326,"z":-0.08996385335922241,"w":0.5472869873046875},"size":118.57804107666016,"orthographic":false}