{"cameraMode":{"drawMode":0,"name":"Shaded","section":"Shading Mode"},"sceneLighting":true,"audioPlay":false,"sceneViewState":{"showFog":true,"showMaterialUpdate":false,"showSkybox":true,"showFlares":true,"showImageEffects":true,"showParticleSystems":true},"in2DMode":false,"pivot":{"x":437.5,"y":144.5,"z":-10.481770515441895},"rotation":{"x":-0.10322337597608566,"y":0.039604466408491138,"z":0.004166069440543652,"w":0.9938607811927795},"size":1533.9705810546875,"orthographic":false}
=======
﻿{"cameraMode":{"drawMode":0,"name":"Shaded","section":"Shading Mode"},"sceneLighting":true,"audioPlay":false,"sceneViewState":{"showFog":true,"showMaterialUpdate":false,"showSkybox":true,"showFlares":true,"showImageEffects":true,"showParticleSystems":true},"in2DMode":false,"pivot":{"x":441.3999938964844,"y":155.2747039794922,"z":0.18202586472034455},"rotation":{"x":0.012007346376776696,"y":0.009830319322645665,"z":-0.000060899565141880885,"w":0.9998796582221985},"size":348.4039611816406,"orthographic":false}
>>>>>>> Stashed changes
>>>>>>> code-review
