{"cameraMode":{"drawMode":0,"name":"Shaded","section":"Shading Mode"},"sceneLighting":true,"audioPlay":false,"sceneViewState":{"showFog":true,"showMaterialUpdate":false,"showSkybox":true,"showFlares":true,"showImageEffects":true,"showParticleSystems":true},"in2DMode":false,"pivot":{"x":2.201735734939575,"y":0.5559999942779541,"z":70.73170471191406},"rotation":{"x":-0.03365958109498024,"y":0.9662051796913147,"z":-0.17434148490428925,"w":-0.18686778843402863},"size":0.9121876955032349,"orthographic":false}