{"cameraMode":{"drawMode":0,"name":"Shaded","section":"Shading Mode"},"sceneLighting":true,"audioPlay":false,"sceneViewState":{"showFog":true,"showMaterialUpdate":false,"showSkybox":true,"showFlares":true,"showImageEffects":true,"showParticleSystems":true},"in2DMode":false,"pivot":{"x":491.69384765625,"y":522.9066162109375,"z":-1.8904502391815186},"rotation":{"x":0.001809544861316681,"y":0.028487738221883775,"z":-0.00003957219814765267,"w":0.9995924830436707},"size":540.056884765625,"orthographic":false}